{
    "loss": 7.981349468231201,
    "accuracy": 0.2736486494541168
}