{
    "loss": 32.09041213989258,
    "accuracy": 0.15202702581882477
}